{
  "meta": {
    "n_harmful": 500,
    "n_benign": 500,
    "n_features_total": 65536,
    "sae_repo": "Qwen/SAE-Res-Qwen3-8B-Base-W64K-L0_50",
    "models": {
      "base": "Qwen/Qwen3-8B-Base",
      "inst": "Qwen/Qwen3-8B",
      "abl": "huihui-ai/Huihui-Qwen3-8B-abliterated-v2"
    },
    "primary_layer": 22,
    "replication_layer": 20
  },
  "layer22": {
    "null_baseline": {
      "top500_R_mean": 0.9205299615859985,
      "top500_R_std": 0.03986435383558273,
      "top500_R_min": 0.6837865710258484,
      "top500_R_max": 0.9891619086265564,
      "top500_n_negative": 0,
      "top500_n_positive": 500,
      "bottom500_R_mean": 0.8469519019126892,
      "bottom500_R_std": 0.0440816730260849,
      "bottom500_R_min": 0.6419204473495483,
      "bottom500_R_max": 0.9239194393157959,
      "bottom500_n_negative": 0,
      "random500_R_mean": 0.8765450716018677,
      "random500_R_std": 0.046018943190574646,
      "random500_R_min": 0.7123217582702637,
      "random500_R_max": 0.9679141044616699,
      "random500_n_negative": 0,
      "ttest_top_vs_bottom_t": 27.654518127441406,
      "ttest_top_vs_bottom_p": 0.0,
      "ttest_top_vs_random_t": 16.137928009033203,
      "ttest_top_vs_random_p": 0.0,
      "ks_stat": 0.7620000243186951,
      "ks_p": 0.0,
      "cohens_d_top_vs_bottom": 1.7507768869400024,
      "cohens_d_top_vs_random": 1.0216742753982544,
      "diptest_top500_stat": 0.012266963430768442,
      "diptest_top500_p": 0.9294234141895267,
      "diptest_bottom500_stat": 0.014121399188629464,
      "diptest_bottom500_p": 0.7701552392634761,
      "diptest_random500_stat": 0.009695939849624061,
      "diptest_random500_p": 0.9930608279517391,
      "verdict": "SELECTIVE_PRESERVATION_CONFIRMED"
    },
    "posttopk_density": {
      "density_mean": 0.011980000000000001,
      "density_median": 0.0,
      "density_min": 0.0,
      "density_max": 0.784,
      "density_std": 0.06249524461909082,
      "fraction_above_0p10": 0.034,
      "fraction_above_0p05": 0.046,
      "fraction_above_0p01": 0.07,
      "note": "density(f)=fraction of 500 harmful prompts where feature f is in top-50 of instruct pre-topk activations"
    },
    "orthogonality": {
      "cos_enc_top500_mean_abs": 0.01853506825864315,
      "cos_enc_top500_max_abs": 0.20866982638835907,
      "cos_enc_top500_std": 0.019457170739769936,
      "cos_enc_top500_mean_signed": -0.002224146854132414,
      "cos_dec_top500_mean_abs": 0.03868482634425163,
      "cos_dec_top500_max_abs": 0.3048184812068939,
      "cos_enc_bottom500_mean_abs": 0.01097654365003109,
      "cos_enc_random500_mean_abs": 0.01568484865128994,
      "refusal_dir_norm": 37.53386688232422,
      "ttest_abs_cos_top_vs_bottom_p": 3.3210721905830784e-15,
      "ttest_abs_cos_top_vs_bottom_t": 8.004355430603027,
      "top10_feature_cos_enc": [
        {
          "feature_idx": 10262,
          "sc": 5.557149410247803,
          "cos_enc": -0.017794033512473106,
          "cos_dec": 0.016469618305563927
        },
        {
          "feature_idx": 46058,
          "sc": 5.565403461456299,
          "cos_enc": -0.03659084811806679,
          "cos_dec": -0.0847955122590065
        },
        {
          "feature_idx": 9697,
          "sc": 5.57559871673584,
          "cos_enc": -0.008567029610276222,
          "cos_dec": 0.03344825655221939
        },
        {
          "feature_idx": 57004,
          "sc": 5.631671905517578,
          "cos_enc": 0.014829400926828384,
          "cos_dec": 0.06971777975559235
        },
        {
          "feature_idx": 3847,
          "sc": 5.756438255310059,
          "cos_enc": 0.02107386849820614,
          "cos_dec": 0.03038576804101467
        },
        {
          "feature_idx": 61603,
          "sc": 5.823440074920654,
          "cos_enc": -0.013904896564781666,
          "cos_dec": -0.014300316572189331
        },
        {
          "feature_idx": 22105,
          "sc": 6.4384379386901855,
          "cos_enc": 0.028713079169392586,
          "cos_dec": 0.02634499780833721
        },
        {
          "feature_idx": 25413,
          "sc": 8.097883224487305,
          "cos_enc": 0.05296708643436432,
          "cos_dec": 0.10704076290130615
        },
        {
          "feature_idx": 177,
          "sc": 8.507987976074219,
          "cos_enc": 0.20866982638835907,
          "cos_dec": 0.3048184812068939
        },
        {
          "feature_idx": 9423,
          "sc": 8.678247451782227,
          "cos_enc": -0.20582500100135803,
          "cos_dec": -0.29344749450683594
        }
      ],
      "verdict": "ORTHOGONALITY_CONFIRMED"
    },
    "centroid_control": {
      "subspaceA_harmful": {
        "d_abl_inst": 0.001960456371307373,
        "d_abl_base": 0.00853043794631958,
        "ratio": 4.351250880174285
      },
      "subspaceA_benign": {
        "d_abl_inst": 0.000532686710357666,
        "d_abl_base": 0.006956636905670166,
        "ratio": 13.05952535411796
      },
      "subspaceB_harmful": {
        "d_abl_inst": 0.0035164952278137207,
        "d_abl_base": 0.0040662288665771484,
        "ratio": 1.156329949997462
      },
      "subspaceB_benign": {
        "d_abl_inst": 0.0007019639015197754,
        "d_abl_base": 0.0021630525588989258,
        "ratio": 3.081429466775853
      },
      "subspaceC_harmful": {
        "d_abl_inst": 0.001852571964263916,
        "d_abl_base": 0.004385113716125488,
        "ratio": 2.36704082972763
      },
      "subspaceC_benign": {
        "d_abl_inst": 0.00045186281204223633,
        "d_abl_base": 0.0032340288162231445,
        "ratio": 7.15710170061679
      },
      "ratio_A_harmful": 4.351250880174285,
      "ratio_A_benign": 13.05952535411796,
      "ratio_B_harmful": 1.156329949997462,
      "ratio_B_benign": 3.081429466775853,
      "ratio_C_harmful": 2.36704082972763,
      "ratio_C_benign": 7.15710170061679,
      "verdict": "CENTROID_MODERATE"
    },
    "top500_indices": [
      42278,
      14655,
      27617,
      24085,
      57763,
      57021,
      48019,
      27917,
      59667,
      30118,
      60346,
      16596,
      65114,
      42501,
      37886,
      34528,
      43768,
      29311,
      21046,
      2499
    ],
    "bottom500_indices": [
      3715,
      18723,
      57927,
      2112,
      8324,
      59712,
      27992,
      10757,
      15890,
      36811,
      6219,
      42796,
      30122,
      45942,
      56291,
      15093,
      48689,
      31945,
      21706,
      56004
    ],
    "sc_top500_min": 2.787416696548462,
    "sc_top500_max": 8.678247451782227,
    "sc_bottom500_max": 0.6815327405929565
  },
  "layer20": {
    "null_baseline": {
      "top500_R_mean": 0.9244573712348938,
      "top500_R_std": 0.04955359175801277,
      "top500_R_min": 0.6425721645355225,
      "top500_R_max": 0.9901840090751648,
      "top500_n_negative": 0,
      "top500_n_positive": 500,
      "bottom500_R_mean": 0.8405871391296387,
      "bottom500_R_std": 0.049523718655109406,
      "bottom500_R_min": 0.5200864672660828,
      "bottom500_R_max": 0.9243316054344177,
      "bottom500_n_negative": 0,
      "random500_R_mean": 0.8628783822059631,
      "random500_R_std": 0.06240510940551758,
      "random500_R_min": 0.48559385538101196,
      "random500_R_max": 0.9676041603088379,
      "random500_n_negative": 0,
      "ttest_top_vs_bottom_t": 26.742307662963867,
      "ttest_top_vs_bottom_p": 0.0,
      "ttest_top_vs_random_t": 17.262252807617188,
      "ttest_top_vs_random_p": 0.0,
      "ks_stat": 0.7240000367164612,
      "ks_p": 0.0,
      "cohens_d_top_vs_bottom": 1.693025827407837,
      "cohens_d_top_vs_random": 1.0928540229797363,
      "diptest_top500_stat": 0.010223559057487258,
      "diptest_top500_p": 0.9913508100469932,
      "diptest_bottom500_stat": 0.010651005385574187,
      "diptest_bottom500_p": 0.9897803168466591,
      "diptest_random500_stat": 0.010271444311955683,
      "diptest_random500_p": 0.9911956135695071,